Workbook

Sheet How to Use
A1: HelpDesk — API Test Cases
A3: What this workbook is
A4: The API test cases for the HelpDesk app, ready to run manually (Postman / Swagger) and then automate with Rest Assured + TestNG.
A6: Sheets
A7: API Test Cases — every test case. Fill in the yellow-header columns as you execute.
A8: Business Rules — the app's rules (your requirements). Each test case links to one in the "Rule Ref" column.
A9: Permission Matrix — who can do what. Every ✅ is a positive test, every ❌ a negative test.
A10: Defects Found — bugs found while designing these tests, in bug-report format. Add your own bugs here.
A11: Summary — counts that update automatically as you fill in the Status column.
A13: Environment
A14: Base URL: http://localhost:8080/api Swagger UI: http://localhost:8080/swagger-ui.html
A15: Database: localhost:5433 · database / user / password = helpdesk
... A24: Example of a filled-in execution (format only)
A25: TC ID | B25: Status | C25: Actual Result | D25: Executed By | E25: Date | F25: Remarks
A26: AUTH-001 | B26: Pass | C26: 200 OK, token returned, role CUSTOMER, expiresAt +8h | D26: Your name | E26: 2026-10-01 | F26: —

Sheet Summary
A1: Test Execution Summary
A3: Total test cases | B3: =COUNTA('API Test Cases'!$A$2:$A$172)
A4: Executed (Pass + Fail) | B4: =B8+B9
A5: Pass rate (of executed) | B5: =IFERROR(B8/B4,0)
A6: By Status | B6: Count
A7: Not Run | B7: =COUNTIF('API Test Cases'!$O$2:$O$172,A7)
A8: Pass | B8: =COUNTIF('API Test Cases'!$O$2:$O$172,A8)
A9: Fail | B9: =COUNTIF('API Test Cases'!$O$2:$O$172,A9)
A10: Blocked | B10: =COUNTIF('API Test Cases'!$O$2:$O$172,A10)
A11: Skipped | B11: =COUNTIF('API Test Cases'!$O$2:$O$172,A11)
A13: By Module | B13: Count
A14: Authentication | B14: =COUNTIF('API Test Cases'!$B$2:$B$172,A14)
A15: Tickets - Create | B15: =COUNTIF('API Test Cases'!$B$2:$B$172,A15)
A16: Tickets - View & Search | B16: =COUNTIF('API Test Cases'!$B$2:$B$172,A16)
A17: Tickets - Update | B17: =COUNTIF('API Test Cases'!$B$2:$B$172,A17)
A18: Ticket Lifecycle | B18: =COUNTIF('API Test Cases'!$B$2:$B$172,A18)
A19: Comments | B19: =COUNTIF('API Test Cases'!$B$2:$B$172,A19)
A20: Tickets - Delete | B20: =COUNTIF('API Test Cases'!$B$2:$B$172,A20)
A21: Dashboard Stats | B21: =COUNTIF('API Test Cases'!$B$2:$B$172,A21)
A22: SLA | B22: =COUNTIF('API Test Cases'!$B$2:$B$172,A22)
A23: User Management | B23: =COUNTIF('API Test Cases'!$B$2:$B$172,A23)
A24: Errors & General | B24: =COUNTIF('API Test Cases'!$B$2:$B$172,A24)
A26: By Test Type | B26: Count
A27: Positive | B27: =COUNTIF('API Test Cases'!$F$2:$F$172,A27)
A28: Negative | B28: =COUNTIF('API Test Cases'!$F$2:$F$172,A28)
A29: Boundary | B29: =COUNTIF('API Test Cases'!$F$2:$F$172,A29)
A30: Security | B30: =COUNTIF('API Test Cases'!$F$2:$F$172,A30)
A31: Integration | B31: =COUNTIF('API Test Cases'!$F$2:$F$172,A31)
A33: By Priority | B33: Count
A34: P1 | B34: =COUNTIF('API Test Cases'!$M$2:$M$172,A34)
A35: P2 | B35: =COUNTIF('API Test Cases'!$M$2:$M$172,A35)
A36: P3 | B36: =COUNTIF('API Test Cases'!$M$2:$M$172,A36)
A38: Known defects (expected to fail) | B38: =COUNTIF('API Test Cases'!$S$2:$S$172,"KNOWN DEFECT*")
A40: Priority: P1 = must pass before release (core flows & security) · P2 = important · P3 = edge cases

Sheet API Test Cases
A1: TC ID | B1: Module | C1: Method | D1: Endpoint | E1: Test Scenario | F1: Test Type | G1: Role | H1: Preconditions | I1: Request / Test Data | J1: Expected Status | K1: Expected Result | L1: Rule Ref | M1: Priority | N1: Automate? | O1: Status | P1: Actual Result | Q1: Executed By | R1: Date | S1: Remarks
A2: AUTH-001 | B2: Authentication | C2: POST | D2: /auth/login | E2: Login with valid customer credentials | F2: Positive | G2: No token | H2: Demo customer exists | I2: {"email":"customer@helpdesk.local","password":"Customer@123"} | J2: 200 | K2: Body has token, tokenType = "Bearer", expiresAt ≈ now + 8h, user.role = CUSTOMER, user.email correct | L2: BR-03 | M2: P1 | N2: Yes | O2: Not Run
A3: AUTH-002 | B3: Authentication | C3: POST | D3: /auth/login | E3: Login with valid agent credentials | F3: Positive | G3: No token | H3: Demo agent exists | I3: {"email":"agent1@helpdesk.local","password":"Agent@123"} | J3: 200 | K3: user.role = AGENT | L3: BR-03 | M3: P1 | N3: Yes | O3: Not Run
A4: AUTH-003 | B4: Authentication | C4: POST | D4: /auth/login | E4: Login with valid admin credentials | F4: Positive | G4: No token | H4: Demo admin exists | I4: {"email":"admin@helpdesk.local","password":"Admin@123"} | J4: 200 | K4: user.role = ADMIN | L4: BR-03 | M4: P1 | N4: Yes | O4: Not Run
A5: AUTH-004 | B5: Authentication | C5: POST | D5: /auth/login | E5: Login email is case-insensitive | F5: Positive | G5: No token | H5: Demo customer exists | I5: {"email":"CUSTOMER@HELPDESK.LOCAL","password":"Customer@123"} | J5: 200 | K5: Login succeeds, user.email = customer@helpdesk.local | L5: BR-03 | M5: P3 | N5: Yes | O5: Not Run
A6: AUTH-005 | B6: Authentication | C6: POST | D6: /auth/login | E6: Login with wrong password | F6: Negative | G6: No token | H6: Demo customer exists | I6: {"email":"customer@helpdesk.local","password":"wrong"} | J6: 401 | K6: message = "Invalid email or password"; no token in response | L6: BR-03 | M6: P1 | N6: Yes | O6: Not Run
A7: AUTH-006 | B7: Authentication | C7: POST | D7: /auth/login | E7: Login with unregistered email gives the same message as wrong password | F7: Security | G7: No token | H7: — | I7: {"email":"nobody@x.com","password":"any"} | J7: 401 | K7: message = "Invalid email or password" (identical to wrong password, so attackers can't find valid emails) | L7: BR-03 | M7: P2 | N7: Yes | O7: Not Run
A8: AUTH-007 | B8: Authentication | C8: POST | D8: /auth/login | E8: Login without email | F8: Negative | G8: No token | H8: — | I8: {"password":"Customer@123"} | J8: 400 | K8: message = "Validation failed"; fieldErrors has "email" | L8: BR-18 | M8: P2 | N8: Yes | O8: Not Run
A9: AUTH-008 | B9: Authentication | C9: POST | D9: /auth/login | E9: Login without password | F9: Negative | G9: No token | H9: — | I9: {"email":"customer@helpdesk.local"} | J9: 400 | K9: fieldErrors has "password" | L9: BR-18 | M9: P2 | N9: Yes | O9: Not Run
A10: AUTH-009 | B10: Authentication | C10: POST | D10: /auth/login | E10: Login with malformed JSON | F10: Negative | G10: No token | H10: — | I10: { not json | J10: 400 | K10: message = "Malformed request" | L10: BR-18 | M10: P3 | N10: Yes | O10: Not Run
A11: AUTH-010 | B11: Authentication | C11: POST | D11: /auth/login | E11: Deactivated user cannot log in | F11: Negative | G11: No token | H11: Admin has deactivated agent2 | I11: {"email":"agent2@helpdesk.local","password":"Agent@123"} | J11: 401 | K11: message = "Account is deactivated" | L11: BR-03 | M11: P1 | N11: Yes | O11: Not Run | S11: Re-activate agent2 afterwards
A12: AUTH-011 | B12: Authentication | C12: POST | D12: /auth/login | E12: Login response never exposes the password | F12: Security | G12: No token | H12: — | I12: Valid customer login | J12: 200 | K12: Response (including user object) has no password / passwordHash field | L12: BR-03 | M12: P1 | N12: Yes | O12: Not Run
A13: AUTH-012 | B13: Authentication | C13: POST | D13: /auth/register | E13: Register a new customer | F13: Positive | G13: No token | H13: Email not yet registered | I13: {"email":"new.user1@test.com","password":"Password1","fullName":"New User"} | J13: 201 | K13: Body has token + user; user.role = CUSTOMER; user.active = true | L13: BR-02 | M13: P1 | N13: Yes | O13: Not Run | S13: Use a unique email every run (e.g. add a timestamp)
A14: AUTH-013 | B14: Authentication | C14: POST | D14: /auth/register | E14: Registered email is stored in lower case | F14: Positive | G14: No token | H14: — | I14: {"email":"Mixed.Case@Test.com", ...} | J14: 201 | K14: user.email = "mixed.case@test.com" | L14: BR-02 | M14: P3 | N14: Yes | O14: Not Run
A15: AUTH-014 | B15: Authentication | C15: POST | D15: /auth/register | E15: Register with an email that already exists (different case) | F15: Negative | G15: No token | H15: customer@helpdesk.local exists | I15: {"email":"Customer@Helpdesk.local","password":"Password1","fullName":"Dup"} | J15: 409 | K15: message contains "already exists" | L15: BR-02 | M15: P1 | N15: Yes | O15: Not Run
A16: AUTH-015 | B16: Authentication | C16: POST | D16: /auth/register | E16: Register with invalid email format | F16: Negative | G16: No token | H16: — | I16: email = "not-an-email" | J16: 400 | K16: fieldErrors has "email" | L16: BR-02 | M16: P2 | N16: Yes | O16: Not Run
A17: AUTH-016 | B17: Authentication | C17: POST | D17: /auth/register | E17: Password with 7 characters is rejected | F17: Boundary | G17: No token | H17: — | I17: password = "Pass123" (7) | J17: 400 | K17: fieldErrors.password = "size must be between 8 and 72" | L17: BR-02 | M17: P2 | N17: Yes | O17: Not Run
A18: AUTH-017 | B18: Authentication | C18: POST | D18: /auth/register | E18: Password with exactly 8 characters is accepted | F18: Boundary | G18: No token | H18: — | I18: password = "Pass1234" (8) | J18: 201 | K18: User created | L18: BR-02 | M18: P2 | N18: Yes | O18: Not Run
A19: AUTH-018 | B19: Authentication | C19: POST | D19: /auth/register | E19: Password with 72 characters accepted, 73 rejected | F19: Boundary | G19: No token | H19: — | I19: password length 72, then 73 | J19: 201 / 400 | K19: 72 → created; 73 → fieldErrors has "password" | L19: BR-02 | M19: P3 | N19: Yes | O19: Not Run
A20: AUTH-019 | B20: Authentication | C20: POST | D20: /auth/register | E20: Full name blank or only spaces | F20: Negative | G20: No token | H20: — | I20: fullName = " " | J20: 400 | K20: fieldErrors.fullName = "must not be blank" | L20: BR-02 | M20: P2 | N20: Yes | O20: Not Run
A21: AUTH-020 | B21: Authentication | C21: POST | D21: /auth/register | E21: Full name 120 characters accepted, 121 rejected | F21: Boundary | G21: No token | H21: — | I21: fullName length 120, then 121 | J21: 201 / 400 | K21: 120 → created; 121 → fieldErrors has "fullName" | L21: BR-02 | M21: P3 | N21: Yes | O21: Not Run
A22: AUTH-021 | B22: Authentication | C22: POST | D22: /auth/register | E22: Cannot register as ADMIN by adding a role field | F22: Security | G22: No token | H22: — | I22: {"email":"hacker@test.com","password":"Password1","fullName":"H","role":"ADMIN"} | J22: 201 | K22: user.role = CUSTOMER (role field is ignored) | L22: BR-02 | M22: P1 | N22: Yes | O22: Not Run | S22: Privilege-escalation check
A23: AUTH-022 | B23: Authentication | C23: POST | D23: /auth/register | E23: Newly registered user can log in | F23: Integration | G23: No token | H23: User registered in previous step | I23: Same email + password on /auth/login | J23: 200 | K23: Login succeeds with role CUSTOMER | L23: BR-02 | M23: P2 | N23: Yes | O23: Not Run
A24: AUTH-023 | B24: Authentication | C24: GET | D24: /auth/me | E24: Get current user with a valid token | F24: Positive | G24: Customer | H24: Logged in as customer | I24: — | J24: 200 | K24: Returns the logged-in user's id, email, fullName, role | L24: BR-01 | M24: P1 | N24: Yes | O24: Not Run
A25: AUTH-024 | B25: Authentication | C25: GET | D25: /auth/me | E25: Call without a token | F25: Negative | G25: No token | H25: — | I25: No Authorization header | J25: 401 | K25: message = "Missing or invalid token" | L25: BR-01 | M25: P1 | N25: Yes | O25: Not Run
A26: AUTH-025 | B26: Authentication | C26: GET | D26: /auth/me | E26: Call with a tampered token | F26: Security | G26: No token | H26: — | I26: Valid token with one character changed | J26: 401 | K26: message = "Missing or invalid token" | L26: BR-01 | M26: P1 | N26: Yes | O26: Not Run
A27: AUTH-026 | B27: Authentication | C27: GET | D27: /auth/me | E27: Call with token but without the "Bearer " prefix | F27: Negative | G27: No token | H27: — | I27: Authorization: <token> | J27: 401 | K27: Rejected | L27: BR-01 | M27: P3 | N27: Yes | O27: Not Run
A28: AUTH-027 | B28: Authentication | C28: GET | D28: /auth/me | E28: Expired token is rejected | F28: Security | G28: Customer | H28: Start app with JWT_TTL=PT1M; log in; wait > 1 minute | I28: Old token | J28: 401 | K28: message = "Missing or invalid token" | L28: BR-01 | M28: P2 | N28: Yes | O28: Not Run | S28: Needs app restarted with a short token lifetime
A29: AUTH-028 | B29: Authentication | C29: GET | D29: /auth/me | E29: Deactivated user's existing token stops working | F29: Security | G29: Agent | H29: Log in as agent2 and keep the token; admin then deactivates agent2 | I29: agent2's old token | J29: 401 | K29: Access denied once the account is deactivated | L29: BR-03 | M29: P1 | N29: Yes | O29: Not Run | S29: KNOWN DEFECT BUG-001: currently returns 200 — old token keeps working for up to 8h
A30: TKC-001 | B30: Tickets - Create | C30: POST | D30: /tickets | E30: Customer raises a valid ticket | F30: Positive | G30: Customer | H30: Logged in as customer | I30: {"subject":"Payment failed","description":"Card charged but order not placed"} | J30: 201 | K30: Location header = /api/tickets/{id}; status OPEN; priority MEDIUM; assignee null; sla.breached false; customerEmail = customer's own email | L30: BR-07 | M30: P1 | N30: Yes | O30: Not Run
A31: TKC-002 | B31: Tickets - Create | C31: POST | D31: /tickets | E31: Raise ticket with a category | F31: Positive | G31: Customer | H31: Logged in as customer | I31: ... "category":"BILLING" | J31: 201 | K31: category = BILLING | L31: BR-06 | M31: P2 | N31: Yes | O31: Not Run
A32: TKC-003 | B32: Tickets - Create | C32: POST | D32: /tickets | E32: Raise ticket without a category | F32: Positive | G32: Customer | H32: Logged in as customer | I32: No category field | J32: 201 | K32: category = null | L32: BR-06 | M32: P2 | N32: Yes | O32: Not Run
A33: TKC-004 | B33: Tickets - Create | C33: POST | D33: /tickets | E33: SLA due time of a new ticket is 24h after creation | F33: Positive | G33: Customer | H33: Logged in as customer | I33: Valid ticket | J33: 201 | K33: sla.dueAt − createdAt = exactly 24 hours | L33: BR-07 | M33: P1 | N33: Yes | O33: Not Run
A34: TKC-005 | B34: Tickets - Create | C34: POST | D34: /tickets | E34: Customer cannot raise a ticket on someone else's behalf | F34: Security | G34: Customer | H34: Logged in as customer | I34: ... "customerEmail":"other@x.com" | J34: 201 | K34: customerEmail = customer's OWN email (sent value ignored) | L34: BR-05 | M34: P1 | N34: Yes | O34: Not Run
A35: TKC-006 | B35: Tickets - Create | C35: POST | D35: /tickets | E35: Agent raises a ticket for a customer | F35: Positive | G35: Agent | H35: Logged in as agent | I35: {"subject":"s","description":"d","customerEmail":"Phone.Caller@Test.com"} | J35: 201 | K35: customerEmail = "phone.caller@test.com" | L35: BR-05 | M35: P2 | N35: Yes | O35: Not Run
A36: TKC-007 | B36: Tickets - Create | C36: POST | D36: /tickets | E36: Agent raises a ticket without customerEmail | F36: Negative | G36: Agent | H36: Logged in as agent | I36: {"subject":"s","description":"d"} | J36: 400 | K36: message = "customerEmail is required when staff create a ticket" | L36: BR-05 | M36: P2 | N36: Yes | O36: Not Run
A37: TKC-008 | B37: Tickets - Create | C37: POST | D37: /tickets | E37: Agent sends invalid customerEmail | F37: Negative | G37: Agent | H37: Logged in as agent | I37: customerEmail = "abc" | J37: 400 | K37: fieldErrors has "customerEmail" | L37: BR-05 | M37: P3 | N37: Yes | O37: Not Run
A38: TKC-009 | B38: Tickets - Create | C38: POST | D38: /tickets | E38: Subject missing | F38: Negative | G38: Customer | H38: Logged in as customer | I38: No subject | J38: 400 | K38: fieldErrors has "subject" | L38: BR-06 | M38: P1 | N38: Yes | O38: Not Run
A39: TKC-010 | B39: Tickets - Create | C39: POST | D39: /tickets | E39: Subject only spaces | F39: Negative | G39: Customer | H39: Logged in as customer | I39: subject = " " | J39: 400 | K39: fieldErrors.subject = "must not be blank" | L39: BR-06 | M39: P2 | N39: Yes | O39: Not Run
A40: TKC-011 | B40: Tickets - Create | C40: POST | D40: /tickets | E40: Subject 200 characters accepted, 201 rejected | F40: Boundary | G40: Customer | H40: Logged in as customer | I40: subject length 200, then 201 | J40: 201 / 400 | K40: 200 → created; 201 → fieldErrors has "subject" | L40: BR-06 | M40: P2 | N40: Yes | O40: Not Run
A41: TKC-012 | B41: Tickets - Create | C41: POST | D41: /tickets | E41: Description missing or blank | F41: Negative | G41: Customer | H41: Logged in as customer | I41: No description / "" | J41: 400 | K41: fieldErrors has "description" | L41: BR-06 | M41: P1 | N41: Yes | O41: Not Run
... A44: TKC-015 | B44: Tickets - Create | C44: POST | D44: /tickets | E44: Subject and description are trimmed | F44: Positive | G44: Customer | H44: Logged in as customer | I44: subject = " Refund " | J44: 201 | K44: subject = "Refund" (no leading/trailing spaces) | L44: BR-06 | M44: P3 | N44: Yes | O44: Not Run
A45: TKC-016 | B45: Tickets - Create | C45: POST | D45: /tickets | E45: HTML / script in subject is stored as plain text | F45: Security | G45: Customer | H45: Logged in as customer | I45: subject = "<script>alert(1)</script>" | J45: 201 | K45: Saved and returned exactly as sent (no error). UI must display it as text, not run it | L45: BR-06 | M45: P2 | N45: Yes | O45: Not Run | S45: Pair with a UI test for XSS
A46: TKC-017 | B46: Tickets - Create | C46: POST | D46: /tickets | E46: Raise ticket without a token | F46: Negative | G46: No token | H46: — | I46: Valid body, no Authorization | J46: 401 | K46: message = "Missing or invalid token" | L46: BR-01 | M46: P1 | N46: Yes | O46: Not Run
A47: TKC-018 | B47: Tickets - Create | C47: POST | D47: /tickets | E47: DB check: created ticket is saved correctly | F47: Integration | G47: Customer | H47: Ticket created via API | I47: SELECT * FROM tickets WHERE id = {id} | J47: — | K47: Row exists: status OPEN, priority MEDIUM, sla_breached false, customer_email correct | L47: BR-07 | M47: P2 | N47: Yes | O47: Not Run | S47: DB: localhost:5433, db/user/password = helpdesk
A48: TKV-001 | B48: Tickets - View & Search | C48: GET | D48: /tickets/{id} | E48: Customer views own ticket | F48: Positive | G48: Customer | H48: Customer has a ticket | I48: Own ticket id | J48: 200 | K48: Ticket returned with all fields | L48: BR-04 | M48: P1 | N48: Yes | O48: Not Run
A49: TKV-002 | B49: Tickets - View & Search | C49: GET | D49: /tickets/{id} | E49: Customer cannot view another customer's ticket | F49: Security | G49: Customer | H49: Two customers, each with a ticket | I49: Other customer's ticket id | J49: 404 | K49: message = "Ticket {id} not found" (404, not 403 — doesn't reveal it exists) | L49: BR-04 | M49: P1 | N49: Yes | O49: Not Run | S49: Register a second customer first
A50: TKV-003 | B50: Tickets - View & Search | C50: GET | D50: /tickets/{id} | E50: Agent views any customer's ticket | F50: Positive | G50: Agent | H50: Ticket exists | I50: Any ticket id | J50: 200 | K50: Ticket returned | L50: BR-04 | M50: P1 | N50: Yes | O50: Not Run
A51: TKV-004 | B51: Tickets - View & Search | C51: GET | D51: /tickets/{id} | E51: Ticket id does not exist | F51: Negative | G51: Agent | H51: — | I51: id = 999999 | J51: 404 | K51: message = "Ticket 999999 not found" | L51: BR-18 | M51: P2 | N51: Yes | O51: Not Run
A52: TKV-005 | B52: Tickets - View & Search | C52: GET | D52: /tickets/{id} | E52: Ticket id is not a number | F52: Negative | G52: Agent | H52: — | I52: id = abc | J52: 400 | K52: message = "Malformed request" | L52: BR-18 | M52: P3 | N52: Yes | O52: Not Run
A53: TKV-006 | B53: Tickets - View & Search | C53: GET | D53: /tickets | E53: Customer's list contains only their own tickets | F53: Security | G53: Customer | H53: Tickets exist for several customers | I53: — | J53: 200 | K53: Every item's customerEmail = logged-in customer's email | L53: BR-04 | M53: P1 | N53: Yes | O53: Not Run
A54: TKV-007 | B54: Tickets - View & Search | C54: GET | D54: /tickets | E54: Agent's list contains all customers' tickets | F54: Positive | G54: Agent | H54: Tickets exist for several customers | I54: — | J54: 200 | K54: Items from more than one customer | L54: BR-04 | M54: P1 | N54: Yes | O54: Not Run
A55: TKV-008 | B55: Tickets - View & Search | C55: GET | D55: /tickets | E55: Default paging and sorting | F55: Positive | G55: Agent | H55: More than 20 tickets exist | I55: No query params | J55: 200 | K55: page.size = 20; page.number = 0; content sorted by createdAt newest first; page.totalElements and page.totalPages present | L55: BR-19 | M55: P2 | N55: Yes | O55: Not Run
A56: TKV-009 | B56: Tickets - View & Search | C56: GET | D56: /tickets | E56: Filter by status | F56: Positive | G56: Agent | H56: Tickets in several statuses | I56: ?status=OPEN | J56: 200 | K56: Every item has status OPEN | L56: BR-19 | M56: P2 | N56: Yes | O56: Not Run
A57: TKV-010 | B57: Tickets - View & Search | C57: GET | D57: /tickets | E57: Filter by priority | F57: Positive | G57: Agent | H57: Tickets with several priorities | I57: ?priority=URGENT | J57: 200 | K57: Every item has priority URGENT | L57: BR-19 | M57: P2 | N57: Yes | O57: Not Run
A58: TKV-011 | B58: Tickets - View & Search | C58: GET | D58: /tickets | E58: Filter by category | F58: Positive | G58: Agent | H58: Tickets with several categories | I58: ?category=BILLING | J58: 200 | K58: Every item has category BILLING | L58: BR-19 | M58: P2 | N58: Yes | O58: Not Run
A59: TKV-012 | B59: Tickets - View & Search | C59: GET | D59: /tickets | E59: Filter by assignee | F59: Positive | G59: Agent | H59: Some tickets assigned to agent1 (id 2) | I59: ?assigneeId=2 | J59: 200 | K59: Every item's assignee.id = 2 | L59: BR-19 | M59: P2 | N59: Yes | O59: Not Run
A60: TKV-013 | B60: Tickets - View & Search | C60: GET | D60: /tickets | E60: Filter unassigned tickets | F60: Positive | G60: Agent | H60: Mix of assigned/unassigned | I60: ?unassigned=true | J60: 200 | K60: Every item's assignee = null | L60: BR-19 | M60: P2 | N60: Yes | O60: Not Run
A61: TKV-014 | B61: Tickets - View & Search | C61: GET | D61: /tickets | E61: Filter breached tickets | F61: Positive | G61: Agent | H61: At least one breached ticket | I61: ?breached=true | J61: 200 | K61: Every item's sla.breached = true | L61: BR-19 | M61: P2 | N61: Yes | O61: Not Run
... A70: TKV-023 | B70: Tickets - View & Search | C70: GET | D70: /tickets | E70: Customer using staff filters still sees only own tickets | F70: Security | G70: Customer | H70: Other customers' tickets assigned to agent1 | I70: ?assigneeId=2 | J70: 200 | K70: Only the customer's own tickets appear | L70: BR-04 | M70: P2 | N70: Yes | O70: Not Run
A71: TKU-001 | B71: Tickets - Update | C71: PATCH | D71: /tickets/{id} | E71: SLA due time follows the priority | F71: Positive | G71: Agent | H71: OPEN ticket | I71: priority = URGENT, HIGH, MEDIUM, LOW (one call each) | J71: 200 | K71: sla.dueAt − createdAt = 4h / 8h / 24h / 72h | L71: BR-12 | M71: P1 | N71: Yes | O71: Not Run | S71: Good DataProvider test
A72: TKU-002 | B72: Tickets - Update | C72: PATCH | D72: /tickets/{id} | E72: Change category | F72: Positive | G72: Agent | H72: OPEN ticket | I72: {"category":"BUG"} | J72: 200 | K72: category = BUG | L72: BR-11 | M72: P2 | N72: Yes | O72: Not Run
A73: TKU-003 | B73: Tickets - Update | C73: PATCH | D73: /tickets/{id} | E73: Assign to another agent | F73: Positive | G73: Agent | H73: Unassigned ticket | I73: {"assigneeId":3} | J73: 200 | K73: assignee.id = 3 (Meera Agent) | L73: BR-11 | M73: P1 | N73: Yes | O73: Not Run
A74: TKU-004 | B74: Tickets - Update | C74: PATCH | D74: /tickets/{id} | E74: Assign to an admin | F74: Positive | G74: Agent | H74: Ticket exists | I74: {"assigneeId":1} | J74: 200 | K74: assignee.id = 1 | L74: BR-11 | M74: P3 | N74: Yes | O74: Not Run
A75: TKU-005 | B75: Tickets - Update | C75: PATCH | D75: /tickets/{id} | E75: Assign to a customer | F75: Negative | G75: Agent | H75: Ticket exists | I75: {"assigneeId":4} | J75: 400 | K75: message = "Tickets can only be assigned to active agents or admins" | L75: BR-11 | M75: P2 | N75: Yes | O75: Not Run
A76: TKU-006 | B76: Tickets - Update | C76: PATCH | D76: /tickets/{id} | E76: Assign to a deactivated agent | F76: Negative | G76: Agent | H76: agent2 deactivated | I76: {"assigneeId":3} | J76: 400 | K76: message = "Tickets can only be assigned to active agents or admins" | L76: BR-11 | M76: P2 | N76: Yes | O76: Not Run | S76: Re-activate agent2 afterwards
A77: TKU-007 | B77: Tickets - Update | C77: PATCH | D77: /tickets/{id} | E77: Assign to a user id that does not exist | F77: Negative | G77: Agent | H77: — | I77: {"assigneeId":99999} | J77: 400 | K77: message = "Assignee 99999 does not exist" | L77: BR-11 | M77: P3 | N77: Yes | O77: Not Run
A78: TKU-008 | B78: Tickets - Update | C78: PATCH | D78: /tickets/{id} | E78: Unassign a ticket | F78: Positive | G78: Agent | H78: Assigned ticket | I78: {"unassign":true} | J78: 200 | K78: assignee = null | L78: BR-11 | M78: P2 | N78: Yes | O78: Not Run
A79: TKU-009 | B79: Tickets - Update | C79: PATCH | D79: /tickets/{id} | E79: Send assigneeId and unassign together | F79: Negative | G79: Agent | H79: Ticket exists | I79: {"assigneeId":2,"unassign":true} | J79: 400 | K79: message = "Send either assigneeId or unassign, not both" | L79: BR-11 | M79: P3 | N79: Yes | O79: Not Run
A80: TKU-010 | B80: Tickets - Update | C80: PATCH | D80: /tickets/{id} | E80: Empty update body changes nothing | F80: Boundary | G80: Agent | H80: Ticket exists | I80: {} | J80: 200 | K80: Ticket returned unchanged | L80: BR-11 | M80: P3 | N80: Yes | O80: Not Run
A81: TKU-011 | B81: Tickets - Update | C81: PATCH | D81: /tickets/{id} | E81: Invalid priority value | F81: Negative | G81: Agent | H81: Ticket exists | I81: {"priority":"CRITICAL"} | J81: 400 | K81: message = "Malformed request" | L81: BR-11 | M81: P2 | N81: Yes | O81: Not Run
A82: TKU-012 | B82: Tickets - Update | C82: PATCH | D82: /tickets/{id} | E82: Customer cannot update a ticket | F82: Security | G82: Customer | H82: Customer's own ticket | I82: {"status":"RESOLVED"} | J82: 403 | K82: message = "Access denied"; ticket unchanged | L82: BR-11 | M82: P1 | N82: Yes | O82: Not Run
A83: TKU-013 | B83: Tickets - Update | C83: PATCH | D83: /tickets/{id} | E83: Update without a token | F83: Negative | G83: No token | H83: — | I83: {"priority":"HIGH"} | J83: 401 | K83: message = "Missing or invalid token" | L83: BR-01 | M83: P2 | N83: Yes | O83: Not Run
A84: TKU-014 | B84: Tickets - Update | C84: PATCH | D84: /tickets/{id} | E84: Update a ticket that does not exist | F84: Negative | G84: Agent | H84: — | I84: id = 999999 | J84: 404 | K84: message = "Ticket 999999 not found" | L84: BR-18 | M84: P2 | N84: Yes | O84: Not Run
A85: TKU-015 | B85: Tickets - Update | C85: PUT | D85: /tickets/{id} | E85: Unsupported HTTP method | F85: Negative | G85: Agent | H85: — | I85: PUT instead of PATCH | J85: 405 | K85: Method not allowed | L85: BR-18 | M85: P3 | N85: Yes | O85: Not Run | S85: Check error format too (see ERR cases)
A86: TKU-016 | B86: Tickets - Update | C86: PATCH | D86: /tickets/{id} | E86: A CLOSED ticket cannot be edited | F86: Negative | G86: Agent | H86: Ticket moved to CLOSED | I86: {"priority":"URGENT","assigneeId":3} | J86: 409 | K86: Rejected; ticket unchanged (CLOSED is final) | L86: BR-08 | M86: P1 | N86: Yes | O86: Not Run | S86: KNOWN DEFECT BUG-002: currently returns 200 and changes priority/assignee
A87: LC-001 | B87: Ticket Lifecycle | C87: PATCH | D87: /tickets/{id} | E87: OPEN → IN_PROGRESS auto-assigns to the agent | F87: Positive | G87: Agent | H87: Unassigned OPEN ticket; logged in as agent1 | I87: {"status":"IN_PROGRESS"} | J87: 200 | K87: status IN_PROGRESS; assignee = agent1 | L87: BR-09 | M87: P1 | N87: Yes | O87: Not Run
A88: LC-002 | B88: Ticket Lifecycle | C88: PATCH | D88: /tickets/{id} | E88: OPEN → IN_PROGRESS keeps an existing assignee | F88: Positive | G88: Agent | H88: OPEN ticket assigned to agent2; logged in as agent1 | I88: {"status":"IN_PROGRESS"} | J88: 200 | K88: assignee stays agent2 | L88: BR-09 | M88: P2 | N88: Yes | O88: Not Run
A89: LC-003 | B89: Ticket Lifecycle | C89: PATCH | D89: /tickets/{id} | E89: OPEN → CLOSED | F89: Positive | G89: Agent | H89: OPEN ticket | I89: {"status":"CLOSED"} | J89: 200 | K89: status CLOSED; closedAt set | L89: BR-08 | M89: P2 | N89: Yes | O89: Not Run
A90: LC-004 | B90: Ticket Lifecycle | C90: PATCH | D90: /tickets/{id} | E90: IN_PROGRESS → WAITING_ON_CUSTOMER | F90: Positive | G90: Agent | H90: IN_PROGRESS ticket | I90: {"status":"WAITING_ON_CUSTOMER"} | J90: 200 | K90: status WAITING_ON_CUSTOMER | L90: BR-08 | M90: P1 | N90: Yes | O90: Not Run
A91: LC-005 | B91: Ticket Lifecycle | C91: PATCH | D91: /tickets/{id} | E91: IN_PROGRESS → RESOLVED sets resolvedAt | F91: Positive | G91: Agent | H91: IN_PROGRESS ticket | I91: {"status":"RESOLVED"} | J91: 200 | K91: status RESOLVED; resolvedAt set | L91: BR-10 | M91: P1 | N91: Yes | O91: Not Run
A92: LC-006 | B92: Ticket Lifecycle | C92: PATCH | D92: /tickets/{id} | E92: WAITING_ON_CUSTOMER → IN_PROGRESS | F92: Positive | G92: Agent | H92: WAITING ticket | I92: {"status":"IN_PROGRESS"} | J92: 200 | K92: status IN_PROGRESS | L92: BR-08 | M92: P2 | N92: Yes | O92: Not Run
A93: LC-007 | B93: Ticket Lifecycle | C93: PATCH | D93: /tickets/{id} | E93: WAITING_ON_CUSTOMER → RESOLVED | F93: Positive | G93: Agent | H93: WAITING ticket | I93: {"status":"RESOLVED"} | J93: 200 | K93: status RESOLVED | L93: BR-08 | M93: P2 | N93: Yes | O93: Not Run
A94: LC-008 | B94: Ticket Lifecycle | C94: PATCH | D94: /tickets/{id} | E94: RESOLVED → IN_PROGRESS (reopen) clears resolvedAt | F94: Positive | G94: Agent | H94: RESOLVED ticket | I94: {"status":"IN_PROGRESS"} | J94: 200 | K94: status IN_PROGRESS; resolvedAt = null | L94: BR-10 | M94: P1 | N94: Yes | O94: Not Run
A95: LC-009 | B95: Ticket Lifecycle | C95: PATCH | D95: /tickets/{id} | E95: RESOLVED → CLOSED sets closedAt | F95: Positive | G95: Agent | H95: RESOLVED ticket | I95: {"status":"CLOSED"} | J95: 200 | K95: status CLOSED; closedAt set | L95: BR-10 | M95: P1 | N95: Yes | O95: Not Run
A96: LC-010 | B96: Ticket Lifecycle | C96: PATCH | D96: /tickets/{id} | E96: Invalid: OPEN → WAITING_ON_CUSTOMER | F96: Negative | G96: Agent | H96: OPEN ticket | I96: {"status":"WAITING_ON_CUSTOMER"} | J96: 409 | K96: message = "Cannot move ticket from OPEN to WAITING_ON_CUSTOMER. Allowed: [IN_PROGRESS, CLOSED]" | L96: BR-08 | M96: P1 | N96: Yes | O96: Not Run | S96: All invalid moves suit one DataProvider test
A97: LC-011 | B97: Ticket Lifecycle | C97: PATCH | D97: /tickets/{id} | E97: Invalid: OPEN → RESOLVED | F97: Negative | G97: Agent | H97: OPEN ticket | I97: {"status":"RESOLVED"} | J97: 409 | K97: message starts "Cannot move ticket from OPEN to RESOLVED" | L97: BR-08 | M97: P1 | N97: Yes | O97: Not Run
A98: LC-012 | B98: Ticket Lifecycle | C98: PATCH | D98: /tickets/{id} | E98: Invalid: IN_PROGRESS → OPEN | F98: Negative | G98: Agent | H98: IN_PROGRESS ticket | I98: {"status":"OPEN"} | J98: 409 | K98: Conflict message | L98: BR-08 | M98: P2 | N98: Yes | O98: Not Run
A99: LC-013 | B99: Ticket Lifecycle | C99: PATCH | D99: /tickets/{id} | E99: Invalid: IN_PROGRESS → CLOSED | F99: Negative | G99: Agent | H99: IN_PROGRESS ticket | I99: {"status":"CLOSED"} | J99: 409 | K99: message = "... Allowed: [WAITING_ON_CUSTOMER, RESOLVED]" | L99: BR-08 | M99: P1 | N99: Yes | O99: Not Run
A100: LC-014 | B100: Ticket Lifecycle | C100: PATCH | D100: /tickets/{id} | E100: Invalid: WAITING_ON_CUSTOMER → OPEN | F100: Negative | G100: Agent | H100: WAITING ticket | I100: {"status":"OPEN"} | J100: 409 | K100: Conflict message | L100: BR-08 | M100: P2 | N100: Yes | O100: Not Run
A101: LC-015 | B101: Ticket Lifecycle | C101: PATCH | D101: /tickets/{id} | E101: Invalid: WAITING_ON_CUSTOMER → CLOSED | F101: Negative | G101: Agent | H101: WAITING ticket | I101: {"status":"CLOSED"} | J101: 409 | K101: Conflict message | L101: BR-08 | M101: P2 | N101: Yes | O101: Not Run
A102: LC-016 | B102: Ticket Lifecycle | C102: PATCH | D102: /tickets/{id} | E102: Invalid: RESOLVED → OPEN | F102: Negative | G102: Agent | H102: RESOLVED ticket | I102: {"status":"OPEN"} | J102: 409 | K102: Conflict message | L102: BR-08 | M102: P2 | N102: Yes | O102: Not Run
A103: LC-017 | B103: Ticket Lifecycle | C103: PATCH | D103: /tickets/{id} | E103: Invalid: RESOLVED → WAITING_ON_CUSTOMER | F103: Negative | G103: Agent | H103: RESOLVED ticket | I103: {"status":"WAITING_ON_CUSTOMER"} | J103: 409 | K103: Conflict message | L103: BR-08 | M103: P2 | N103: Yes | O103: Not Run
A104: LC-018 | B104: Ticket Lifecycle | C104: PATCH | D104: /tickets/{id} | E104: Invalid: CLOSED → any status | F104: Negative | G104: Agent | H104: CLOSED ticket | I104: status = OPEN / IN_PROGRESS / RESOLVED | J104: 409 | K104: message ends "Allowed: []" | L104: BR-08 | M104: P1 | N104: Yes | O104: Not Run
A105: LC-019 | B105: Ticket Lifecycle | C105: GET | D105: /tickets/{id} | E105: Failed transition leaves the ticket unchanged | F105: Negative | G105: Agent | H105: A 409 transition was just attempted | I105: GET the ticket | J105: 200 | K105: status and updatedAt are the same as before the failed attempt | L105: BR-08 | M105: P2 | N105: Yes | O105: Not Run
A106: LC-020 | B106: Ticket Lifecycle | C106: — | D106: Multiple | E106: Full happy path: OPEN → IN_PROGRESS → WAITING → (customer reply) IN_PROGRESS → RESOLVED → CLOSED | F106: Integration | G106: Customer + Agent | H106: Fresh ticket | I106: Customer creates, agent works, customer replies, agent resolves and closes | J106: 201/200 | K106: Each step returns the expected status; customer reply moves WAITING → IN_PROGRESS; final status CLOSED with resolvedAt and closedAt set | L106: BR-08, BR-15 | M106: P1 | N106: Yes | O106: Not Run | S106: End-to-end API flow
A107: CMT-001 | B107: Comments | C107: POST | D107: /tickets/{id}/comments | E107: Customer replies on own ticket | F107: Positive | G107: Customer | H107: Customer's ticket, not CLOSED | I107: {"body":"Here is my order id 123"} | J107: 201 | K107: authorRole = CUSTOMER; internal = false; authorEmail = customer's email | L107: BR-14 | M107: P1 | N107: Yes | O107: Not Run
A108: CMT-002 | B108: Comments | C108: POST | D108: /tickets/{id}/comments | E108: Agent adds a public reply | F108: Positive | G108: Agent | H108: Ticket not CLOSED | I108: {"body":"Looking into it"} | J108: 201 | K108: authorRole = AGENT; internal = false | L108: BR-14 | M108: P1 | N108: Yes | O108: Not Run
A109: CMT-003 | B109: Comments | C109: POST | D109: /tickets/{id}/comments | E109: Agent adds an internal note | F109: Positive | G109: Agent | H109: Ticket not CLOSED | I109: {"body":"Check payment logs","internal":true} | J109: 201 | K109: internal = true | L109: BR-14 | M109: P1 | N109: Yes | O109: Not Run
A110: CMT-004 | B110: Comments | C110: GET | D110: /tickets/{id}/comments | E110: Customer never sees internal notes | F110: Security | G110: Customer | H110: Ticket has public replies + an internal note | I110: — | J110: 200 | K110: List contains only internal = false comments | L110: BR-14 | M110: P1 | N110: Yes | O110: Not Run
...

Sheet Business Rules
A1: Rule ID | B1: Area | C1: Rule (what the app must do) | D1: Test Cases
A2: BR-01 | B2: Access | C2: Every API needs a valid login token (Authorization: Bearer <token>), except /api/auth/login and /api/auth/register. Missing, invalid or expired token → 401. | D2: =COUNTIF('API Test Cases'!$L$2:$L$172,"*"&A2&"*")
A3: BR-02 | B3: Registration | C3: Self-registration always creates a CUSTOMER. Email must be valid and unique (case-insensitive) and is stored in lower case. Password 8–72 characters. Full name required, max 120. | D3: =COUNTIF('API Test Cases'!$L$2:$L$172,"*"&A3&"*")
A4: BR-03 | B4: Login | C4: Correct email + password → token valid for 8 hours. Wrong email OR wrong password → 401 with the same message (does not reveal which one was wrong). Deactivated accounts cannot log in. | D4: =COUNTIF('API Test Cases'!$L$2:$L$172,"*"&A4&"*")
A5: BR-04 | B5: Ticket visibility | C5: Customers can only see their own tickets. Asking for someone else's ticket returns 404 (as if it does not exist). Agents and admins see all tickets. | D5: =COUNTIF('API Test Cases'!$L$2:$L$172,"*"&A5&"*")
A6: BR-05 | B6: Ticket owner | C6: A customer's ticket is always linked to their own email, even if they send a different customerEmail. Agents/admins creating a ticket must send customerEmail. | D6: =COUNTIF('API Test Cases'!$L$2:$L$172,"*"&A6&"*")
A7: BR-06 | B7: Ticket validation | C7: Subject required, max 200 chars. Description required, max 5000 chars. Category optional: BILLING, BUG, FEATURE_REQUEST, ACCOUNT, OTHER. Leading/trailing spaces are trimmed. | D7: =COUNTIF('API Test Cases'!$L$2:$L$172,"*"&A7&"*")
A8: BR-07 | B8: New ticket defaults | C8: A new ticket is OPEN, priority MEDIUM, unassigned, not breached, SLA due = created time + 24 hours. | D8: =COUNTIF('API Test Cases'!$L$2:$L$172,"*"&A8&"*")
A9: BR-08 | B9: Lifecycle | C9: Allowed moves: OPEN→IN_PROGRESS/CLOSED; IN_PROGRESS→WAITING_ON_CUSTOMER/RESOLVED; WAITING_ON_CUSTOMER→IN_PROGRESS/RESOLVED; RESOLVED→IN_PROGRESS/CLOSED. CLOSED is final. Any other move → 409. | D9: =COUNTIF('API Test Cases'!$L$2:$L$172,"*"&A9&"*")
A10: BR-09 | B10: Auto-assign | C10: Moving an unassigned ticket to IN_PROGRESS assigns it to the person who moved it. An already-assigned ticket keeps its assignee. | D10: =COUNTIF('API Test Cases'!$L$2:$L$172,"*"&A10&"*")
A11: BR-10 | B11: Timestamps | C11: resolvedAt is set when a ticket becomes RESOLVED and cleared when it is reopened. closedAt is set when it becomes CLOSED. | D11: =COUNTIF('API Test Cases'!$L$2:$L$172,"*"&A11&"*")
A12: BR-11 | B12: Ticket updates | C12: Only agents/admins can update tickets (status, priority, category, assignee). Assignee must be an active agent or admin. Sending assigneeId and unassign together → 400. | D12: =COUNTIF('API Test Cases'!$L$2:$L$172,"*"&A12&"*")
A13: BR-12 | B13: SLA deadline | C13: SLA due = created time + allowed time for the priority: URGENT 4h, HIGH 8h, MEDIUM 24h, LOW 72h. Changing priority recalculates it from the created time. | D13: =COUNTIF('API Test Cases'!$L$2:$L$172,"*"&A13&"*")
... A21: BR-20 | B21: Dashboard stats | C21: Agents/admins only. Counts per status, plus slaBreached and unassigned — both counted only for tickets not yet RESOLVED/CLOSED. | D21: =COUNTIF('API Test Cases'!$L$2:$L$172,"*"&A21&"*")

Sheet Permission Matrix
A1: Action | B1: Endpoint | C1: Customer | D1: Agent | E1: Admin | F1: No token
A2: Register themselves | B2: POST /auth/register | C2: ✅ | D2: — | E2: — | F2: ✅
A3: Log in | B3: POST /auth/login | C3: ✅ | D3: ✅ | E3: ✅ | F3: ✅
A4: See own profile | B4: GET /auth/me | C4: ✅ | D4: ✅ | E4: ✅ | F4: ❌ 401
A5: Raise a ticket for themselves | B5: POST /tickets | C5: ✅ | D5: — | E5: — | F5: ❌ 401
A6: Raise a ticket for a customer | B6: POST /tickets + customerEmail | C6: ❌ (email ignored) | D6: ✅ | E6: ✅ | F6: ❌ 401
A7: See own tickets | B7: GET /tickets, /tickets/{id} | C7: ✅ | D7: ✅ | E7: ✅ | F7: ❌ 401
A8: See other customers' tickets | B8: GET /tickets/{id} | C8: ❌ 404 | D8: ✅ | E8: ✅ | F8: ❌ 401
A9: Dashboard stats | B9: GET /tickets/stats | C9: ❌ 403 | D9: ✅ | E9: ✅ | F9: ❌ 401
A10: Change status / priority / category / assignee | B10: PATCH /tickets/{id} | C10: ❌ 403 | D10: ✅ | E10: ✅ | F10: ❌ 401
A11: Delete a ticket | B11: DELETE /tickets/{id} | C11: ❌ 403 | D11: ❌ 403 | E11: ✅ | F11: ❌ 401
A12: Reply on a ticket | B12: POST /tickets/{id}/comments | C12: ✅ own only | D12: ✅ | E12: ✅ | F12: ❌ 401
... A17: Update / deactivate a user | B17: PATCH /users/{id} | C17: ❌ 403 | D17: ❌ 403 | E17: ✅ (not self) | F17: ❌ 401
A19: ✅ = allowed → positive test. ❌ = blocked → negative test (the code shows the expected status). — = not applicable.

Sheet Defects Found
A1: Bug ID | B1: Title | C1: Severity | D1: Type | E1: Steps to Reproduce | F1: Expected Result | G1: Actual Result | H1: Found By Test | I1: Status | J1: Jira Link
A2: BUG-001 | B2: Deactivated user's existing token keeps working | C2: High | D2: Security | E2: 1. Log in as agent2@helpdesk.local and copy the token 2. Log in as admin and PATCH /api/users/3 {"active":false} 3. Call GET /api/auth/me with agent2's old token | F2: 401 Unauthorized — a deactivated account should lose access immediately | G2: 200 OK — the old token works until it expires (up to 8 hours) | H2: AUTH (last case) | I2: Open
A3: BUG-002 | B3: A CLOSED ticket can still be edited | C3: Medium | D3: Functional | E3: 1. Create a ticket and PATCH it to {"status":"CLOSED"} 2. PATCH it again with {"priority":"URGENT","assigneeId":3} | F3: 409 Conflict — CLOSED is final, no changes allowed | G3: 200 OK — priority, SLA due time and assignee are changed on a closed ticket | H3: TKU (last case) | I3: Open
A4: BUG-003 | B4: Admin can set a user's name to only spaces (saved as empty) | C4: Low | D4: Validation | E4: 1. Log in as admin 2. PATCH /api/users/{id} with {"fullName":" "} | F4: 400 Bad Request with fieldErrors.fullName (same rule as registration) | G4: 200 OK — fullName is saved as an empty string | H4: USR (last case) | I4: Open
A5: BUG-004 | B5: Some errors don't use the standard error format | C5: Low | D5: API contract | E5: 1. POST /api/tickets with Content-Type: text/plain (415) 2. PUT /api/tickets/1 (405) 3. GET /api/nope (404) | F5: Body has timestamp, status, error, message, path, fieldErrors like all other errors | G5: Body has only timestamp, status, error, path — "message" and "fieldErrors" are missing | H5: ERR cases 2–4 | I5: Open
